img_name,pred_class
image0.png,6
image1.png,3
image2.png,4
image3.png,4
image4.png,0
image5.png,2
image6.png,3
image7.png,5
image8.png,7
image9.png,8
image10.png,5
image11.png,3
image12.png,7
image13.png,4
image14.png,2
image15.png,6
image16.png,0
image17.png,5
image18.png,8
image19.png,0
image20.png,8
image21.png,2
image22.png,2
image23.png,8
image24.png,1
image25.png,8
image26.png,2
image27.png,0
image28.png,3
image29.png,7
image30.png,5
image31.png,6
image32.png,8
image33.png,8
image34.png,8
image35.png,9
image36.png,9
image37.png,2
image38.png,8
image39.png,1
image40.png,9
image41.png,2
image42.png,8
image43.png,7
image44.png,7
image45.png,1
image46.png,0
image47.png,3
image48.png,8
image49.png,7
image50.png,1
image51.png,8
image52.png,8
image53.png,2
image54.png,5
image55.png,6
image56.png,4
image57.png,5
image58.png,6
image59.png,1
image60.png,4
image61.png,1
image62.png,6
image63.png,1
image64.png,7
image65.png,4
image66.png,6
image67.png,0
image68.png,2
image69.png,8
image70.png,8
image71.png,3
image72.png,9
image73.png,9
image74.png,4
image75.png,3
image76.png,3
image77.png,0
image78.png,6
image79.png,0
image80.png,4
image81.png,8
image82.png,5
image83.png,6
image84.png,5
image85.png,6
image86.png,8
image87.png,6
image88.png,4
image89.png,6
image90.png,5
image91.png,4
image92.png,5
image93.png,4
image94.png,9
image95.png,6
image96.png,4
image97.png,2
image98.png,9
image99.png,3
image100.png,2
image101.png,3
image102.png,5
image103.png,0
image104.png,2
image105.png,9
image106.png,6
image107.png,4
image108.png,7
image109.png,5
image110.png,3
image111.png,3
image112.png,4
image113.png,8
image114.png,5
image115.png,8
image116.png,3
image117.png,7
image118.png,4
image119.png,3
image120.png,0
image121.png,4
image122.png,0
image123.png,2
image124.png,0
image125.png,8
image126.png,8
image127.png,2
image128.png,0
image129.png,2
image130.png,2
image131.png,7
image132.png,8
image133.png,8
image134.png,5
image135.png,2
image136.png,9
image137.png,8
image138.png,7
image139.png,2
image140.png,5
image141.png,2
image142.png,2
image143.png,3
image144.png,7
image145.png,3
image146.png,0
image147.png,5
image148.png,1
image149.png,9
image150.png,2
image151.png,6
image152.png,4
image153.png,9
image154.png,2
image155.png,6
image156.png,0
image157.png,0
image158.png,8
image159.png,1
image160.png,3
image161.png,7
image162.png,2
image163.png,5
image164.png,8
image165.png,8
image166.png,8
image167.png,5
image168.png,9
image169.png,2
image170.png,4
image171.png,5
image172.png,0
image173.png,6
image174.png,2
image175.png,7
image176.png,7
image177.png,6
image178.png,4
image179.png,5
image180.png,7
image181.png,2
image182.png,8
image183.png,5
image184.png,7
image185.png,2
image186.png,7
image187.png,7
image188.png,1
image189.png,3
image190.png,8
image191.png,0
image192.png,3
image193.png,2
image194.png,0
image195.png,3
image196.png,2
image197.png,8
image198.png,7
image199.png,5
image200.png,2
image201.png,2
image202.png,9
image203.png,7
image204.png,1
image205.png,5
image206.png,3
image207.png,1
image208.png,9
image209.png,9
image210.png,4
image211.png,8
image212.png,1
image213.png,9
image214.png,7
image215.png,6
image216.png,8
image217.png,6
image218.png,8
image219.png,1
image220.png,2
image221.png,3
image222.png,6
image223.png,8
image224.png,9
image225.png,8
image226.png,3
image227.png,1
image228.png,4
image229.png,7
image230.png,5
image231.png,6
image232.png,4
image233.png,4
image234.png,6
image235.png,2
image236.png,0
image237.png,9
image238.png,6
image239.png,2
image240.png,0
image241.png,2
image242.png,8
image243.png,0
image244.png,5
image245.png,3
image246.png,4
image247.png,4
image248.png,9
image249.png,3
image250.png,2
image251.png,2
image252.png,3
image253.png,3
image254.png,4
image255.png,3
image256.png,5
image257.png,2
image258.png,5
image259.png,5
image260.png,7
image261.png,3
image262.png,6
image263.png,5
image264.png,7
image265.png,5
image266.png,1
image267.png,7
image268.png,2
image269.png,4
image270.png,2
image271.png,5
image272.png,2
image273.png,7
image274.png,3
image275.png,5
image276.png,7
image277.png,0
image278.png,3
image279.png,9
image280.png,7
image281.png,5
image282.png,0
image283.png,5
image284.png,8
image285.png,2
image286.png,8
image287.png,8
image288.png,2
image289.png,4
image290.png,1
image291.png,8
image292.png,7
image293.png,2
image294.png,9
image295.png,0
image296.png,2
image297.png,0
image298.png,6
image299.png,5
image300.png,3
image301.png,2
image302.png,5
image303.png,5
image304.png,0
image305.png,2
image306.png,6
image307.png,2
image308.png,6
image309.png,0
image310.png,9
image311.png,6
image312.png,2
image313.png,5
image314.png,6
image315.png,4
image316.png,5
image317.png,1
image318.png,9
image319.png,7
image320.png,7
image321.png,8
image322.png,1
image323.png,0
image324.png,0
image325.png,8
image326.png,7
image327.png,1
image328.png,0
image329.png,3
image330.png,2
image331.png,8
image332.png,5
image333.png,3
image334.png,3
image335.png,6
image336.png,0
image337.png,0
image338.png,5
image339.png,5
image340.png,5
image341.png,2
image342.png,5
image343.png,0
image344.png,8
image345.png,6
image346.png,7
image347.png,6
image348.png,8
image349.png,0
image350.png,6
image351.png,0
image352.png,3
image353.png,7
image354.png,2
image355.png,8
image356.png,1
image357.png,8
image358.png,7
image359.png,1
image360.png,3
image361.png,7
image362.png,7
image363.png,8
image364.png,1
image365.png,5
image366.png,8
image367.png,2
image368.png,3
image369.png,3
image370.png,7
image371.png,0
image372.png,5
image373.png,0
image374.png,6
image375.png,7
image376.png,5
image377.png,2
image378.png,8
image379.png,7
image380.png,5
image381.png,4
image382.png,8
image383.png,1
image384.png,1
image385.png,2
image386.png,0
image387.png,2
image388.png,4
image389.png,9
image390.png,3
image391.png,1
image392.png,4
image393.png,3
image394.png,0
image395.png,3
image396.png,0
image397.png,0
image398.png,7
image399.png,8
image400.png,9
image401.png,7
image402.png,4
image403.png,0
image404.png,0
image405.png,2
image406.png,9
image407.png,5
image408.png,2
image409.png,5
image410.png,2
image411.png,2
image412.png,5
image413.png,5
image414.png,2
image415.png,1
image416.png,2
image417.png,2
image418.png,4
image419.png,0
image420.png,2
image421.png,0
image422.png,0
image423.png,7
image424.png,1
image425.png,1
image426.png,3
image427.png,3
image428.png,3
image429.png,4
image430.png,0
image431.png,0
image432.png,6
image433.png,7
image434.png,3
image435.png,8
image436.png,6
image437.png,2
image438.png,9
image439.png,1
image440.png,7
image441.png,2
image442.png,4
image443.png,6
image444.png,2
image445.png,0
image446.png,4
image447.png,1
image448.png,7
image449.png,8
image450.png,5
image451.png,7
image452.png,7
image453.png,4
image454.png,0
image455.png,8
image456.png,0
image457.png,5
image458.png,8
image459.png,7
image460.png,1
image461.png,3
image462.png,2
image463.png,0
image464.png,8
image465.png,0
image466.png,3
image467.png,4
image468.png,3
image469.png,5
image470.png,2
image471.png,1
image472.png,0
image473.png,2
image474.png,0
image475.png,1
image476.png,5
image477.png,0
image478.png,6
image479.png,2
image480.png,7
image481.png,3
image482.png,5
image483.png,9
image484.png,9
image485.png,6
image486.png,7
image487.png,5
image488.png,4
image489.png,7
image490.png,8
image491.png,1
image492.png,0
image493.png,4
image494.png,0
image495.png,8
image496.png,3
image497.png,5
image498.png,8
image499.png,3
image500.png,5
image501.png,0
image502.png,1
image503.png,5
image504.png,5
image505.png,9
image506.png,2
image507.png,2
image508.png,0
image509.png,8
image510.png,4
image511.png,0
image512.png,2
image513.png,5
image514.png,0
image515.png,4
image516.png,2
image517.png,5
image518.png,2
image519.png,3
image520.png,7
image521.png,3
image522.png,7
image523.png,5
image524.png,0
image525.png,3
image526.png,8
image527.png,3
image528.png,3
image529.png,0
image530.png,0
image531.png,0
image532.png,7
image533.png,1
image534.png,0
image535.png,8
image536.png,0
image537.png,0
image538.png,2
image539.png,3
image540.png,7
image541.png,8
image542.png,2
image543.png,4
image544.png,6
image545.png,6
image546.png,1
image547.png,2
image548.png,6
image549.png,6
image550.png,0
image551.png,5
image552.png,4
image553.png,2
image554.png,0
image555.png,6
image556.png,6
image557.png,2
image558.png,3
image559.png,7
image560.png,0
image561.png,8
image562.png,1
image563.png,2
image564.png,1
image565.png,0
image566.png,3
image567.png,7
image568.png,7
image569.png,7
image570.png,3
image571.png,2
image572.png,0
image573.png,8
image574.png,7
image575.png,4
image576.png,9
image577.png,7
image578.png,9
image579.png,0
image580.png,0
image581.png,7
image582.png,8
image583.png,4
image584.png,3
image585.png,8
image586.png,0
image587.png,0
image588.png,7
image589.png,8
image590.png,0
image591.png,1
image592.png,8
image593.png,7
image594.png,8
image595.png,1
image596.png,5
image597.png,8
image598.png,5
image599.png,4
image600.png,4
image601.png,6
image602.png,8
image603.png,5
image604.png,0
image605.png,8
image606.png,6
image607.png,5
image608.png,3
image609.png,0
image610.png,0
image611.png,6
image612.png,0
image613.png,3
image614.png,3
image615.png,5
image616.png,2
image617.png,3
image618.png,3
image619.png,5
image620.png,8
image621.png,8
image622.png,7
image623.png,8
image624.png,3
image625.png,0
image626.png,6
image627.png,0
image628.png,5
image629.png,3
image630.png,7
image631.png,5
image632.png,0
image633.png,7
image634.png,0
image635.png,0
image636.png,8
image637.png,4
image638.png,0
image639.png,3
image640.png,4
image641.png,2
image642.png,0
image643.png,8
image644.png,7
image645.png,8
image646.png,7
image647.png,4
image648.png,1
image649.png,9
image650.png,7
image651.png,8
image652.png,0
image653.png,5
image654.png,6
image655.png,1
image656.png,5
image657.png,1
image658.png,9
image659.png,0
image660.png,6
image661.png,2
image662.png,8
image663.png,6
image664.png,0
image665.png,1
image666.png,8
image667.png,0
image668.png,0
image669.png,9
image670.png,6
image671.png,4
image672.png,2
image673.png,2
image674.png,5
image675.png,7
image676.png,5
image677.png,8
image678.png,8
image679.png,8
image680.png,0
image681.png,7
image682.png,1
image683.png,0
image684.png,1
image685.png,3
image686.png,0
image687.png,2
image688.png,6
image689.png,3
image690.png,7
image691.png,8
image692.png,2
image693.png,7
image694.png,5
image695.png,7
image696.png,0
image697.png,7
image698.png,5
image699.png,8
image700.png,7
image701.png,6
image702.png,0
image703.png,8
image704.png,3
image705.png,8
image706.png,4
image707.png,2
image708.png,0
image709.png,2
image710.png,7
image711.png,4
image712.png,1
image713.png,7
image714.png,0
image715.png,5
image716.png,0
image717.png,8
image718.png,2
image719.png,5
image720.png,2
image721.png,0
image722.png,3
image723.png,0
image724.png,7
image725.png,2
image726.png,3
image727.png,2
image728.png,8
image729.png,6
image730.png,2
image731.png,5
image732.png,7
image733.png,2
image734.png,5
image735.png,0
image736.png,7
image737.png,5
image738.png,5
image739.png,0
image740.png,7
image741.png,4
image742.png,2
image743.png,2
image744.png,5
image745.png,6
image746.png,6
image747.png,2
image748.png,8
image749.png,3
image750.png,8
image751.png,7
image752.png,1
image753.png,4
image754.png,0
image755.png,6
image756.png,2
image757.png,0
image758.png,2
image759.png,3
image760.png,2
image761.png,7
image762.png,7
image763.png,2
image764.png,3
image765.png,2
image766.png,2
image767.png,8
image768.png,2
image769.png,2
image770.png,5
image771.png,4
image772.png,6
image773.png,0
image774.png,7
image775.png,1
image776.png,8
image777.png,6
image778.png,0
image779.png,0
image780.png,0
image781.png,8
image782.png,5
image783.png,5
image784.png,6
image785.png,6
image786.png,7
image787.png,0
image788.png,3
image789.png,8
image790.png,7
image791.png,1
image792.png,2
image793.png,6
image794.png,7
image795.png,2
image796.png,3
image797.png,9
image798.png,2
image799.png,2
image800.png,2
image801.png,5
image802.png,6
image803.png,7
image804.png,7
image805.png,5
image806.png,6
image807.png,2
image808.png,7
image809.png,8
image810.png,6
image811.png,0
image812.png,9
image813.png,3
image814.png,5
image815.png,5
image816.png,4
image817.png,4
image818.png,3
image819.png,0
image820.png,0
image821.png,4
image822.png,4
image823.png,8
image824.png,6
image825.png,5
image826.png,5
image827.png,2
image828.png,2
image829.png,1
image830.png,5
image831.png,6
image832.png,7
image833.png,2
image834.png,0
image835.png,2
image836.png,1
image837.png,8
image838.png,5
image839.png,8
image840.png,6
image841.png,7
image842.png,9
image843.png,2
image844.png,5
image845.png,4
image846.png,3
image847.png,5
image848.png,2
image849.png,5
image850.png,4
image851.png,0
image852.png,7
image853.png,3
image854.png,4
image855.png,2
image856.png,6
image857.png,5
image858.png,3
image859.png,8
image860.png,2
image861.png,6
image862.png,2
image863.png,2
image864.png,8
image865.png,3
image866.png,7
image867.png,5
image868.png,7
image869.png,2
image870.png,7
image871.png,0
image872.png,0
image873.png,7
image874.png,1
image875.png,2
image876.png,4
image877.png,1
image878.png,1
image879.png,2
image880.png,5
image881.png,2
image882.png,0
image883.png,5
image884.png,5
image885.png,2
image886.png,8
image887.png,2
image888.png,8
image889.png,7
image890.png,1
image891.png,9
image892.png,0
image893.png,3
image894.png,5
image895.png,2
image896.png,3
image897.png,0
image898.png,5
image899.png,3
image900.png,2
image901.png,6
image902.png,3
image903.png,2
image904.png,6
image905.png,2
image906.png,0
image907.png,9
image908.png,7
image909.png,3
image910.png,4
image911.png,8
image912.png,2
image913.png,0
image914.png,5
image915.png,6
image916.png,2
image917.png,1
image918.png,3
image919.png,0
image920.png,2
image921.png,8
image922.png,6
image923.png,5
image924.png,2
image925.png,2
image926.png,9
image927.png,2
image928.png,8
image929.png,6
image930.png,5
image931.png,7
image932.png,2
image933.png,4
image934.png,2
image935.png,3
image936.png,4
image937.png,7
image938.png,7
image939.png,0
image940.png,4
image941.png,8
image942.png,4
image943.png,0
image944.png,0
image945.png,8
image946.png,4
image947.png,0
image948.png,0
image949.png,7
image950.png,3
image951.png,8
image952.png,0
image953.png,3
image954.png,0
image955.png,0
image956.png,7
image957.png,6
image958.png,2
image959.png,3
image960.png,7
image961.png,8
image962.png,5
image963.png,0
image964.png,8
image965.png,7
image966.png,5
image967.png,5
image968.png,1
image969.png,3
image970.png,0
image971.png,2
image972.png,2
image973.png,0
image974.png,3
image975.png,8
image976.png,1
image977.png,2
image978.png,2
image979.png,0
image980.png,5
image981.png,0
image982.png,2
image983.png,2
image984.png,8
image985.png,3
image986.png,7
image987.png,6
image988.png,5
image989.png,3
image990.png,2
image991.png,7
image992.png,4
image993.png,1
image994.png,4
image995.png,4
image996.png,0
image997.png,7
image998.png,5
image999.png,8
image1000.png,4
image1001.png,0
image1002.png,8
image1003.png,3
image1004.png,2
image1005.png,7
image1006.png,5
image1007.png,2
image1008.png,4
image1009.png,4
image1010.png,3
image1011.png,3
image1012.png,7
image1013.png,4
image1014.png,8
image1015.png,5
image1016.png,0
image1017.png,3
image1018.png,5
image1019.png,3
image1020.png,8
image1021.png,5
image1022.png,7
image1023.png,6
image1024.png,8
image1025.png,6
image1026.png,2
image1027.png,5
image1028.png,1
image1029.png,8
image1030.png,1
image1031.png,5
image1032.png,2
image1033.png,3
image1034.png,2
image1035.png,8
image1036.png,7
image1037.png,2
image1038.png,3
image1039.png,8
image1040.png,0
image1041.png,2
image1042.png,1
image1043.png,2
image1044.png,5
image1045.png,3
image1046.png,3
image1047.png,8
image1048.png,6
image1049.png,2
image1050.png,2
image1051.png,5
image1052.png,6
image1053.png,4
image1054.png,3
image1055.png,5
image1056.png,5
image1057.png,8
image1058.png,0
image1059.png,6
image1060.png,2
image1061.png,8
image1062.png,2
image1063.png,0
image1064.png,0
image1065.png,0
image1066.png,6
image1067.png,2
image1068.png,6
image1069.png,5
image1070.png,0
image1071.png,7
image1072.png,5
image1073.png,4
image1074.png,9
image1075.png,3
image1076.png,8
image1077.png,0
image1078.png,8
image1079.png,2
image1080.png,6
image1081.png,2
image1082.png,2
image1083.png,0
image1084.png,3
image1085.png,3
image1086.png,8
image1087.png,3
image1088.png,3
image1089.png,8
image1090.png,6
image1091.png,7
image1092.png,5
image1093.png,0
image1094.png,0
image1095.png,1
image1096.png,8
image1097.png,3
image1098.png,5
image1099.png,2
image1100.png,1
image1101.png,3
image1102.png,8
image1103.png,8
image1104.png,2
image1105.png,7
image1106.png,3
image1107.png,3
image1108.png,6
image1109.png,1
image1110.png,2
image1111.png,7
image1112.png,8
image1113.png,2
image1114.png,2
image1115.png,8
image1116.png,2
image1117.png,0
image1118.png,2
image1119.png,4
image1120.png,1
image1121.png,4
image1122.png,8
image1123.png,0
image1124.png,1
image1125.png,4
image1126.png,3
image1127.png,9
image1128.png,2
image1129.png,5
image1130.png,6
image1131.png,5
image1132.png,5
image1133.png,4
image1134.png,0
image1135.png,5
image1136.png,8
image1137.png,3
image1138.png,5
image1139.png,0
image1140.png,7
image1141.png,4
image1142.png,9
image1143.png,7
image1144.png,0
image1145.png,0
image1146.png,2
image1147.png,7
image1148.png,7
image1149.png,5
image1150.png,7
image1151.png,6
image1152.png,0
image1153.png,7
image1154.png,2
image1155.png,0
image1156.png,6
image1157.png,8
image1158.png,1
image1159.png,5
image1160.png,6
image1161.png,9
image1162.png,2
image1163.png,6
image1164.png,8
image1165.png,2
image1166.png,5
image1167.png,7
image1168.png,6
image1169.png,0
image1170.png,4
image1171.png,8
image1172.png,2
image1173.png,0
image1174.png,2
image1175.png,6
image1176.png,8
image1177.png,2
image1178.png,7
image1179.png,9
image1180.png,5
image1181.png,5
image1182.png,5
image1183.png,4
image1184.png,8
image1185.png,7
image1186.png,0
image1187.png,1
image1188.png,0
image1189.png,0
image1190.png,3
image1191.png,0
image1192.png,3
image1193.png,6
image1194.png,5
image1195.png,8
image1196.png,4
image1197.png,4
image1198.png,6
image1199.png,2
image1200.png,5
image1201.png,3
image1202.png,6
image1203.png,9
image1204.png,2
image1205.png,3
image1206.png,1
image1207.png,6
image1208.png,8
image1209.png,3
image1210.png,7
image1211.png,0
image1212.png,6
image1213.png,8
image1214.png,7
image1215.png,8
image1216.png,9
image1217.png,2
image1218.png,9
image1219.png,4
image1220.png,4
image1221.png,4
image1222.png,3
image1223.png,3
image1224.png,8
image1225.png,9
image1226.png,9
image1227.png,5
image1228.png,3
image1229.png,5
image1230.png,5
image1231.png,8
image1232.png,1
image1233.png,0
image1234.png,8
image1235.png,5
image1236.png,2
image1237.png,8
image1238.png,0
image1239.png,0
image1240.png,2
image1241.png,2
image1242.png,8
image1243.png,5
image1244.png,8
image1245.png,5
image1246.png,8
image1247.png,2
image1248.png,3
image1249.png,8
image1250.png,9
image1251.png,6
image1252.png,8
image1253.png,2
image1254.png,0
image1255.png,7
image1256.png,8
image1257.png,5
image1258.png,3
image1259.png,0
image1260.png,0
image1261.png,0
image1262.png,2
image1263.png,8
image1264.png,0
image1265.png,2
image1266.png,6
image1267.png,8
image1268.png,3
image1269.png,5
image1270.png,2
image1271.png,9
image1272.png,1
image1273.png,2
image1274.png,4
image1275.png,1
image1276.png,1
image1277.png,0
image1278.png,8
image1279.png,6
image1280.png,1
image1281.png,5
image1282.png,8
image1283.png,0
image1284.png,4
image1285.png,2
image1286.png,9
image1287.png,7
image1288.png,5
image1289.png,0
image1290.png,5
image1291.png,3
image1292.png,8
image1293.png,1
image1294.png,7
image1295.png,6
image1296.png,8
image1297.png,6
image1298.png,5
image1299.png,9
image1300.png,6
image1301.png,9
image1302.png,5
image1303.png,4
image1304.png,7
image1305.png,2
image1306.png,1
image1307.png,8
image1308.png,0
image1309.png,9
image1310.png,3
image1311.png,0
image1312.png,7
image1313.png,6
image1314.png,4
image1315.png,2
image1316.png,8
image1317.png,7
image1318.png,7
image1319.png,3
image1320.png,7
image1321.png,2
image1322.png,4
image1323.png,5
image1324.png,4
image1325.png,6
image1326.png,6
image1327.png,7
image1328.png,0
image1329.png,8
image1330.png,3
image1331.png,3
image1332.png,4
image1333.png,3
image1334.png,1
image1335.png,8
image1336.png,7
image1337.png,0
image1338.png,6
image1339.png,5
image1340.png,3
image1341.png,5
image1342.png,2
image1343.png,3
image1344.png,0
image1345.png,6
image1346.png,2
image1347.png,1
image1348.png,6
image1349.png,8
image1350.png,0
image1351.png,7
image1352.png,6
image1353.png,2
image1354.png,1
image1355.png,1
image1356.png,4
image1357.png,5
image1358.png,3
image1359.png,7
image1360.png,0
image1361.png,7
image1362.png,2
image1363.png,0
image1364.png,3
image1365.png,0
image1366.png,8
image1367.png,0
image1368.png,5
image1369.png,8
image1370.png,3
image1371.png,0
image1372.png,7
image1373.png,6
image1374.png,0
image1375.png,3
image1376.png,5
image1377.png,2
image1378.png,3
image1379.png,2
image1380.png,6
image1381.png,5
image1382.png,2
image1383.png,5
image1384.png,8
image1385.png,5
image1386.png,4
image1387.png,8
image1388.png,8
image1389.png,2
image1390.png,3
image1391.png,9
image1392.png,7
image1393.png,7
image1394.png,5
image1395.png,2
image1396.png,7
image1397.png,0
image1398.png,2
image1399.png,2
image1400.png,5
image1401.png,8
image1402.png,9
image1403.png,8
image1404.png,3
image1405.png,5
image1406.png,9
image1407.png,5
image1408.png,3
image1409.png,8
image1410.png,2
image1411.png,1
image1412.png,1
image1413.png,6
image1414.png,3
image1415.png,0
image1416.png,2
image1417.png,3
image1418.png,2
image1419.png,0
image1420.png,0
image1421.png,3
image1422.png,1
image1423.png,4
image1424.png,7
image1425.png,6
image1426.png,0
image1427.png,9
image1428.png,3
image1429.png,0
image1430.png,4
image1431.png,5
image1432.png,3
image1433.png,7
image1434.png,5
image1435.png,3
image1436.png,9
image1437.png,6
image1438.png,6
image1439.png,0
image1440.png,9
image1441.png,5
image1442.png,2
image1443.png,8
image1444.png,8
image1445.png,5
image1446.png,4
image1447.png,2
image1448.png,5
image1449.png,7
image1450.png,5
image1451.png,1
image1452.png,3
image1453.png,2
image1454.png,2
image1455.png,0
image1456.png,2
image1457.png,8
image1458.png,5
image1459.png,2
image1460.png,0
image1461.png,3
image1462.png,2
image1463.png,8
image1464.png,8
image1465.png,3
image1466.png,7
image1467.png,0
image1468.png,4
image1469.png,4
image1470.png,0
image1471.png,4
image1472.png,5
image1473.png,8
image1474.png,5
image1475.png,1
image1476.png,5
image1477.png,3
image1478.png,1
image1479.png,3
image1480.png,1
image1481.png,5
image1482.png,3
image1483.png,3
image1484.png,2
image1485.png,8
image1486.png,8
image1487.png,4
image1488.png,8
image1489.png,2
image1490.png,0
image1491.png,0
image1492.png,3
image1493.png,8
image1494.png,6
image1495.png,7
image1496.png,0
image1497.png,8
image1498.png,5
image1499.png,2
image1500.png,8
image1501.png,9
image1502.png,1
image1503.png,1
image1504.png,8
image1505.png,5
image1506.png,0
image1507.png,2
image1508.png,3
image1509.png,5
image1510.png,5
image1511.png,1
image1512.png,9
image1513.png,3
image1514.png,3
image1515.png,3
image1516.png,6
image1517.png,9
image1518.png,8
image1519.png,2
image1520.png,3
image1521.png,0
image1522.png,3
image1523.png,3
image1524.png,3
image1525.png,2
image1526.png,8
image1527.png,3
image1528.png,4
image1529.png,4
image1530.png,7
image1531.png,3
image1532.png,4
image1533.png,8
image1534.png,1
image1535.png,8
image1536.png,0
image1537.png,2
image1538.png,1
image1539.png,2
image1540.png,9
image1541.png,4
image1542.png,0
image1543.png,8
image1544.png,4
image1545.png,0
image1546.png,9
image1547.png,4
image1548.png,4
image1549.png,3
image1550.png,5
image1551.png,3
image1552.png,4
image1553.png,3
image1554.png,1
image1555.png,4
image1556.png,9
image1557.png,7
image1558.png,5
image1559.png,8
image1560.png,8
image1561.png,5
image1562.png,2
image1563.png,6
image1564.png,8
image1565.png,6
image1566.png,2
image1567.png,2
image1568.png,0
image1569.png,1
image1570.png,8
image1571.png,8
image1572.png,6
image1573.png,5
image1574.png,3
image1575.png,0
image1576.png,7
image1577.png,3
image1578.png,8
image1579.png,0
image1580.png,0
image1581.png,2
image1582.png,0
image1583.png,1
image1584.png,0
image1585.png,8
image1586.png,7
image1587.png,0
image1588.png,6
image1589.png,7
image1590.png,5
image1591.png,8
image1592.png,8
image1593.png,3
image1594.png,5
image1595.png,3
image1596.png,7
image1597.png,5
image1598.png,7
image1599.png,0
image1600.png,0
image1601.png,6
image1602.png,7
image1603.png,0
image1604.png,1
image1605.png,8
image1606.png,1
image1607.png,2
image1608.png,2
image1609.png,7
image1610.png,0
image1611.png,3
image1612.png,0
image1613.png,4
image1614.png,1
image1615.png,4
image1616.png,7
image1617.png,2
image1618.png,8
image1619.png,3
image1620.png,4
image1621.png,2
image1622.png,2
image1623.png,0
image1624.png,7
image1625.png,3
image1626.png,2
image1627.png,4
image1628.png,4
image1629.png,6
image1630.png,5
image1631.png,0
image1632.png,7
image1633.png,1
image1634.png,3
image1635.png,7
image1636.png,8
image1637.png,1
image1638.png,1
image1639.png,8
image1640.png,0
image1641.png,8
image1642.png,0
image1643.png,7
image1644.png,0
image1645.png,5
image1646.png,4
image1647.png,7
image1648.png,5
image1649.png,5
image1650.png,0
image1651.png,8
image1652.png,3
image1653.png,7
image1654.png,4
image1655.png,7
image1656.png,5
image1657.png,3
image1658.png,5
image1659.png,4
image1660.png,8
image1661.png,1
image1662.png,2
image1663.png,7
image1664.png,8
image1665.png,2
image1666.png,8
image1667.png,0
image1668.png,3
image1669.png,8
image1670.png,0
image1671.png,6
image1672.png,3
image1673.png,3
image1674.png,3
image1675.png,4
image1676.png,6
image1677.png,7
image1678.png,5
image1679.png,1
image1680.png,8
image1681.png,6
image1682.png,2
image1683.png,4
image1684.png,4
image1685.png,8
image1686.png,4
image1687.png,6
image1688.png,5
image1689.png,8
image1690.png,6
image1691.png,3
image1692.png,5
image1693.png,6
image1694.png,2
image1695.png,6
image1696.png,0
image1697.png,8
image1698.png,9
image1699.png,5
image1700.png,0
image1701.png,3
image1702.png,7
image1703.png,7
image1704.png,2
image1705.png,0
image1706.png,2
image1707.png,0
image1708.png,8
image1709.png,1
image1710.png,1
image1711.png,8
image1712.png,1
image1713.png,2
image1714.png,1
image1715.png,4
image1716.png,4
image1717.png,5
image1718.png,7
image1719.png,8
image1720.png,7
image1721.png,5
image1722.png,2
image1723.png,8
image1724.png,1
image1725.png,4
image1726.png,3
image1727.png,7
image1728.png,3
image1729.png,7
image1730.png,5
image1731.png,6
image1732.png,2
image1733.png,7
image1734.png,0
image1735.png,2
image1736.png,9
image1737.png,1
image1738.png,0
image1739.png,1
image1740.png,3
image1741.png,7
image1742.png,2
image1743.png,7
image1744.png,8
image1745.png,7
image1746.png,5
image1747.png,2
image1748.png,5
image1749.png,8
image1750.png,0
image1751.png,3
image1752.png,2
image1753.png,2
image1754.png,5
image1755.png,0
image1756.png,2
image1757.png,7
image1758.png,4
image1759.png,7
image1760.png,6
image1761.png,7
image1762.png,9
image1763.png,6
image1764.png,5
image1765.png,2
image1766.png,2
image1767.png,3
image1768.png,1
image1769.png,5
image1770.png,5
image1771.png,8
image1772.png,6
image1773.png,7
image1774.png,8
image1775.png,1
image1776.png,6
image1777.png,0
image1778.png,8
image1779.png,5
image1780.png,5
image1781.png,5
image1782.png,5
image1783.png,7
image1784.png,2
image1785.png,8
image1786.png,2
image1787.png,7
image1788.png,3
image1789.png,5
image1790.png,6
image1791.png,0
image1792.png,8
image1793.png,0
image1794.png,2
image1795.png,7
image1796.png,6
image1797.png,2
image1798.png,7
image1799.png,8
image1800.png,4
image1801.png,8
image1802.png,8
image1803.png,6
image1804.png,9
image1805.png,1
image1806.png,7
image1807.png,7
image1808.png,6
image1809.png,0
image1810.png,8
image1811.png,2
image1812.png,8
image1813.png,7
image1814.png,2
image1815.png,1
image1816.png,2
image1817.png,5
image1818.png,1
image1819.png,2
image1820.png,2
image1821.png,8
image1822.png,0
image1823.png,7
image1824.png,6
image1825.png,8
image1826.png,0
image1827.png,2
image1828.png,3
image1829.png,8
image1830.png,6
image1831.png,6
image1832.png,8
image1833.png,1
image1834.png,5
image1835.png,9
image1836.png,6
image1837.png,2
image1838.png,2
image1839.png,7
image1840.png,0
image1841.png,2
image1842.png,6
image1843.png,2
image1844.png,0
image1845.png,9
image1846.png,8
image1847.png,6
image1848.png,6
image1849.png,2
image1850.png,8
image1851.png,8
image1852.png,7
image1853.png,7
image1854.png,3
image1855.png,5
image1856.png,8
image1857.png,1
image1858.png,8
image1859.png,5
image1860.png,8
image1861.png,0
image1862.png,0
image1863.png,3
image1864.png,4
image1865.png,7
image1866.png,8
image1867.png,6
image1868.png,2
image1869.png,2
image1870.png,8
image1871.png,1
image1872.png,3
image1873.png,3
image1874.png,6
image1875.png,8
image1876.png,2
image1877.png,4
image1878.png,7
image1879.png,4
image1880.png,2
image1881.png,0
image1882.png,3
image1883.png,1
image1884.png,2
image1885.png,2
image1886.png,0
image1887.png,7
image1888.png,0
image1889.png,7
image1890.png,6
image1891.png,8
image1892.png,5
image1893.png,8
image1894.png,6
image1895.png,0
image1896.png,7
image1897.png,0
image1898.png,2
image1899.png,5
image1900.png,7
image1901.png,0
image1902.png,4
image1903.png,0
image1904.png,0
image1905.png,0
image1906.png,2
image1907.png,7
image1908.png,6
image1909.png,6
image1910.png,2
image1911.png,9
image1912.png,2
image1913.png,3
image1914.png,1
image1915.png,4
image1916.png,2
image1917.png,2
image1918.png,8
image1919.png,8
image1920.png,3
image1921.png,7
image1922.png,9
image1923.png,3
image1924.png,7
image1925.png,2
image1926.png,8
image1927.png,0
image1928.png,9
image1929.png,6
image1930.png,6
image1931.png,5
image1932.png,8
image1933.png,0
image1934.png,8
image1935.png,0
image1936.png,7
image1937.png,0
image1938.png,5
image1939.png,7
image1940.png,1
image1941.png,4
image1942.png,1
image1943.png,0
image1944.png,5
image1945.png,6
image1946.png,8
image1947.png,5
image1948.png,1
image1949.png,7
image1950.png,4
image1951.png,4
image1952.png,3
image1953.png,1
image1954.png,2
image1955.png,9
image1956.png,3
image1957.png,2
image1958.png,7
image1959.png,9
image1960.png,8
image1961.png,6
image1962.png,0
image1963.png,5
image1964.png,0
image1965.png,5
image1966.png,3
image1967.png,5
image1968.png,7
image1969.png,8
image1970.png,6
image1971.png,4
image1972.png,0
image1973.png,5
image1974.png,7
image1975.png,5
image1976.png,5
image1977.png,5
image1978.png,1
image1979.png,3
image1980.png,8
image1981.png,4
image1982.png,8
image1983.png,8
image1984.png,9
image1985.png,8
image1986.png,2
image1987.png,6
image1988.png,4
image1989.png,0
image1990.png,4
image1991.png,2
image1992.png,4
image1993.png,4
image1994.png,2
image1995.png,3
image1996.png,7
image1997.png,7
image1998.png,3
image1999.png,0
image2000.png,8
image2001.png,0
image2002.png,4
image2003.png,3
image2004.png,8
image2005.png,7
image2006.png,3
image2007.png,6
image2008.png,9
image2009.png,2
image2010.png,3
image2011.png,8
image2012.png,9
image2013.png,8
image2014.png,8
image2015.png,2
image2016.png,2
image2017.png,2
image2018.png,4
image2019.png,2
image2020.png,1
image2021.png,2
image2022.png,6
image2023.png,2
image2024.png,6
image2025.png,0
image2026.png,7
image2027.png,8
image2028.png,0
image2029.png,0
image2030.png,3
image2031.png,3
image2032.png,0
image2033.png,1
image2034.png,5
image2035.png,8
image2036.png,6
image2037.png,1
image2038.png,2
image2039.png,8
image2040.png,7
image2041.png,0
image2042.png,2
image2043.png,2
image2044.png,2
image2045.png,7
image2046.png,0
image2047.png,4
image2048.png,1
image2049.png,5
image2050.png,5
image2051.png,6
image2052.png,3
image2053.png,2
image2054.png,0
image2055.png,3
image2056.png,3
image2057.png,0
image2058.png,1
image2059.png,7
image2060.png,5
image2061.png,7
image2062.png,0
image2063.png,1
image2064.png,2
image2065.png,8
image2066.png,9
image2067.png,8
image2068.png,3
image2069.png,5
image2070.png,5
image2071.png,7
image2072.png,5
image2073.png,1
image2074.png,2
image2075.png,2
image2076.png,1
image2077.png,3
image2078.png,1
image2079.png,2
image2080.png,7
image2081.png,3
image2082.png,0
image2083.png,7
image2084.png,7
image2085.png,2
image2086.png,5
image2087.png,4
image2088.png,6
image2089.png,1
